{
  "dashboard": {
    "__inputs": [
      {
        "name": "malicious_user_sessions_ts",
        "label": "malicious_user_sessions_ts",
        "description": "",
        "type": "datasource",
        "pluginId": "elasticsearch",
        "pluginName": "Elasticsearch"
      }
    ],
    "__requires": [
      {
        "type": "datasource",
        "id": "elasticsearch",
        "name": "Elasticsearch",
        "version": "3.0.0"
      },
      {
        "type": "grafana",
        "id": "grafana",
        "name": "Grafana",
        "version": "4.4.1"
      },
      {
        "type": "panel",
        "id": "graph",
        "name": "Graph",
        "version": ""
      }
    ],
    "annotations": {
      "list": []
    },
    "editable": true,
    "gnetId": null,
    "graphTooltip": 0,
    "hideControls": false,
    "id": null,
    "links": [],
    "rows": [
      {
        "collapse": false,
        "height": "250px",
        "panels": [
          {
            "aliasColors": {},
            "bars": false,
            "dashLength": 10,
            "dashes": false,
            "datasource": "malicious_user_sessions_ts",
            "fill": 1,
            "id": 1,
            "legend": {
              "avg": false,
              "current": false,
              "max": false,
              "min": false,
              "show": true,
              "total": false,
              "values": false
            },
            "lines": false,
            "linewidth": 1,
            "links": [],
            "nullPointMode": "null",
            "percentage": false,
            "pointradius": 3,
            "points": true,
            "renderer": "flot",
            "seriesOverrides": [],
            "spaceLength": 10,
            "span": 12,
            "stack": false,
            "steppedLine": false,
            "targets": [
              {
                "bucketAggs": [
                  {
                    "fake": true,
                    "field": "USERNAME",
                    "id": "3",
                    "settings": {
                      "min_doc_count": 1,
                      "order": "desc",
                      "orderBy": "_term",
                      "size": "10"
                    },
                    "type": "terms"
                  },
                  {
                    "fake": true,
                    "field": "IP",
                    "id": "4",
                    "settings": {
                      "min_doc_count": 1,
                      "order": "desc",
                      "orderBy": "_term",
                      "size": "10"
                    },
                    "type": "terms"
                  },
                  {
                    "field": "EVENT_TS",
                    "id": "2",
                    "settings": {
                      "interval": "auto",
                      "min_doc_count": 0,
                      "trimEdges": 0
                    },
                    "type": "date_histogram"
                  }
                ],
                "dsType": "elasticsearch",
                "metrics": [
                  {
                    "field": "KBYTES",
                    "id": "1",
                    "meta": {},
                    "settings": {},
                    "type": "max"
                  }
                ],
                "refId": "A",
                "timeField": "EVENT_TS"
              }
            ],
            "thresholds": [],
            "timeFrom": null,
            "timeShift": null,
            "title": "Malicious User Sessions",
            "tooltip": {
              "shared": true,
              "sort": 0,
              "value_type": "individual"
            },
            "type": "graph",
            "xaxis": {
              "buckets": null,
              "mode": "time",
              "name": null,
              "show": true,
              "values": []
            },
            "yaxes": [
              {
                "format": "short",
                "label": null,
                "logBase": 1,
                "max": null,
                "min": null,
                "show": true
              },
              {
                "format": "short",
                "label": null,
                "logBase": 1,
                "max": null,
                "min": null,
                "show": true
              }
            ]
          }
        ],
        "repeat": null,
        "repeatIteration": null,
        "repeatRowId": null,
        "showTitle": false,
        "title": "Dashboard Row",
        "titleSize": "h6"
      }
    ],
    "schemaVersion": 14,
    "style": "dark",
    "tags": [],
    "templating": {
      "list": []
    },
    "time": {
      "from": "now-15m",
      "to": "now"
    },
    "timepicker": {
      "refresh_intervals": [
        "5s",
        "10s",
        "30s",
        "1m",
        "5m",
        "15m",
        "30m",
        "1h",
        "2h",
        "1d"
      ],
      "time_options": [
        "5m",
        "15m",
        "1h",
        "6h",
        "12h",
        "24h",
        "2d",
        "7d",
        "30d"
      ]
  },
  "timezone": "",
  "title": "Malicious User Sessions",
  "version": 1
},
"overwrite": true
}

